{"cameraMode":{"drawMode":0,"name":"Shaded","section":"Shading Mode"},"sceneLighting":true,"audioPlay":false,"sceneViewState":{"showFog":true,"showMaterialUpdate":false,"showSkybox":true,"showFlares":true,"showImageEffects":true,"showParticleSystems":true},"in2DMode":false,"pivot":{"x":0.34243106842041018,"y":2.4633288383483888,"z":0.6042914390563965},"rotation":{"x":-0.12116558104753494,"y":0.8709861040115356,"z":-0.2682921290397644,"w":-0.39335277676582339},"size":8.501984596252442,"orthographic":false}